size,time_ms,best_block,gflops
200,66.937,32,0.239031
400,496.061,128,0.258033
800,3899.65,128,0.262588
1200,12890,128,0.268115
1600,30242.6,128,0.270877
2000,59058.3,128,0.270919
